<?xml version="1.0"?>
<pagescount>
	<html_total>5</html_total>
	<html_done>5</html_done>
	<img>6</img>
	<js>6</js>
	<css>5</css>
	<pdf/>
	<doc/>
	<xls/>
	<ppt/>
	<swf/>
	<mp3/>
	<mp4/>
	<wav/>
	<xml/>
	<json/>
	<txt/>
	<fonts>5</fonts>
	<scraping_reload>1</scraping_reload>
	<is_pretty_url>false</is_pretty_url>
	<is_ebn>false</is_ebn>
	<theme_name>243183</theme_name>
	<server_url_front_page>https://www6.waybackmachinedownloader.com/wdo/files/demo/infotechincorporate.com_vipuljoshi888_gmail.com_0xa06s25qg5/</server_url_front_page>
	<no_www_url>infotechincorporate.com</no_www_url>
	<hosted_domain/>
	<original_archive_url>http://www.infotechincorporate.com</original_archive_url>
	<final_archive_url>http://infotechincorporate.com/</final_archive_url>
	<front_page_code_date/>
	<total_urls_from_api/>
	<search_url_added>false</search_url_added>
	<total_size>2148</total_size>
</pagescount>
